<?xml version="1.0" encoding="UTF-8"?>
<project-private xmlns="http://www.netbeans.org/ns/project-private/1">
    <editor-bookmarks xmlns="http://www.netbeans.org/ns/editor-bookmarks/2" lastBookmarkId="0"/>
    <open-files xmlns="http://www.netbeans.org/ns/projectui-open-files/2">
        <group>
            <file>file:/C:/Users/Carlos/Documents/NetBeansProjects/Carlos_20992114-Henrique_20758073-Hermes_20961410-Gustavo_21009933-Vitor_21002460/src/roundRobin/Processo.java</file>
            <file>file:/C:/Users/Carlos/Documents/NetBeansProjects/Carlos_20992114-Henrique_20758073-Hermes_20961410-Gustavo_21009933-Vitor_21002460/src/roundRobin/RoundRobin.java</file>
            <file>file:/C:/Users/Carlos/Documents/NetBeansProjects/Carlos_20992114-Henrique_20758073-Hermes_20961410-Gustavo_21009933-Vitor_21002460/src/roundRobin/Fila.java</file>
            <file>file:/C:/Users/Carlos/Documents/NetBeansProjects/Carlos_20992114-Henrique_20758073-Hermes_20961410-Gustavo_21009933-Vitor_21002460/src/roundRobin/processo.txt</file>
            <file>file:/C:/Users/Carlos/Documents/NetBeansProjects/Carlos_20992114-Henrique_20758073-Hermes_20961410-Gustavo_21009933-Vitor_21002460/src/roundRobin/Node.java</file>
            <file>file:/C:/Users/Carlos/Documents/NetBeansProjects/Carlos_20992114-Henrique_20758073-Hermes_20961410-Gustavo_21009933-Vitor_21002460/src/roundRobin/FileManager.java</file>
            <file>file:/C:/Users/Carlos/Documents/NetBeansProjects/Carlos_20992114-Henrique_20758073-Hermes_20961410-Gustavo_21009933-Vitor_21002460/src/roundRobin/RoundRobinApp.java</file>
        </group>
    </open-files>
</project-private>
